Unnamed: 0,original,scored_text,distance,score,tfidf_distance,laser_distance,use_distance,fasttext_distance,bert_distance,ner_custom_overlap,ner_overlap
0,великий княжество владимирский 1157года   —   суздальский княжество  —   русский княжество xii  —  xivвеков становиться ядро современный российский государствавый узкий смысл  —   территория который лично владеть великий князь владимирский широкий смысл  —   территория весь княжество выделяться владимирский зависимый владимирский князь середина xiii век сюзеренитет великий князь владимирский признавать также новгородский небольшой перерыв псковский республика,середина xiii век сюзеренитет великий князь владимирский признавать также новгородский небольшой перерыв псковский республикив узкий смысл  —   территория который лично владеть великий князь владимирский широкий смысл  —   территория весь княжество выделяться владимирский зависимый владимирский князявеликий княжество владимирский 1157года   —   суздальский княжество  —   русский княжество xii  —  xivвеков становиться ядро современный российский государство,0.9239242076873779,5,0.9702368348198246,0.9372151494026184,0.995278775691986,0.9943557381629944,0.8980968,0.8,0.8571428571428571
1,новгородский республика   —   севернорусский средневековый государство существовать 1136 год 1478 год период большой расцвет кроме новгородский земля узкий смысл включать также территория балтийский море запад уральский гора восток белый море север верховье волга западный двина юг находиться 1245 год сюзеренитет великий князь владимирский титул который xiv век становиться наследовать исключительно московский князь новгородский республика 1478 год завоевывать иван iii полностью входить состав централизованный русский государство,находиться 1245 год сюзеренитет великий князь владимирский титул который xiv век становиться наследовать исключительно московский князь новгородский республика 1478 год завоевывать иван iii полностью входить состав централизованный русский государство период большой расцвет кроме новгородский земля узкий смысл включать также территория балтийский море запад уральский гора восток белый море север верховье волга западный двина югеновгородский республика   —   севернорусский средневековый государство существовать 1136 год 1478 год,0.9081195592880248,5,0.9864036859012892,0.9404217600822448,0.9904472231864928,0.996687114238739,0.88794225,1.0,0.9090909090909092
2,великий княжество литовский  —   восточноевропейский государство существовать середина xiii век 1795 год территория современный белоруссия обширный земля русь попадать власть великий княжество литовский составлять львиный доля территория именоваться литовский русьюс 1385 год находиться личный уния королевство польский 1569 год  —   сеймовый люблинский уния состав федеративный речь посполивать,1385 год находиться личный уния королевство польский 1569 год  —   сеймовый люблинский уния состав федеративный речь посполивать обширный земля русь попадать власть великий княжество литовский составлять львиный доля территория именоваться литовский русьювеликий княжество литовский  —   восточноевропейский государство существовать середина xiii век 1795 год территория современный белоруссия,0.8618826270103455,5,0.9858858727090464,0.9315320253372192,0.9950127005577089,0.9971486926078796,0.8968606,0.9,0.7777777777777778
3,великий княжество московский  —   средневековый русский княжество существовать 1263 1478 год первоначально удел великий княжество владимирский соперничать удельный княжество великокняжеский ярлык выдавать ордынский хан возвышение москва укрепление авторитет русь способствовать перенос кафедра киевский митрополит петр владимир москва 1325 год,возвышение москва укрепление авторитет русь способствовать перенос кафедра киевский митрополит петр владимир москва 1325 год первоначально удел великий княжество владимирский соперничать удельный княжество великокняжеский ярлык выдавать ордынский ханамивеликий княжество московский  —   средневековый русский княжество существовать 1263 1478 год,0.9014164209365844,5,0.9869352635831932,0.9130123853683472,0.9890680313110352,0.9856850504875184,0.90521425,0.8181818181818182,0.5
4,олег   —   князь новгородский 879 год великий князь киевский 882 годаполучать власть новгородский земля смерть рюрик регент малолетний сын игорь олег захватить киев перенести туда столица объединять самый главный центр восточный славянин,получать власть новгородский земля смерть рюрик регент малолетний сын игорь олег захватить киев перенести туда столица объединять самый главный центр восточный славянолегать   —   князь новгородский 879 год великий князь киевский 882 год,0.9165088534355164,5,0.9235993853831018,0.9234471321105956,0.9855591654777528,0.9717199802398682,0.88984483,1.0,1.0
5,святослав ярославич крещение николай год  : «  родисить третий сын ярослава нареча имя святослав  »   второй 1054 год ярослав поделить русь сын,второй 1054 год ярослав поделить русь сын  »  святослав ярославич крещение николай год  : «  родисить третий сын ярослава нареча имя святослав,0.9031904339790344,5,1.0,0.9349094033241272,0.9956666827201844,1.0,0.9051799,1.0,0.5
6,святополк 1069 год отец посадить святополк полоцк место умерший мстислав 1071 год всеслав брячиславич прежний князь полоцкий вернуть волость,1071 год всеслав брячиславич прежний князь полоцкий вернуть волостьва 1069 год отец посадить святополк полоцк место умирать мстиславасвятополк,0.9112085700035096,5,0.8703199871060056,0.9210951328277588,0.9632056951522828,0.9441974759101868,0.85946155,0.8888888888888888,1.0
7,владимир всеволодович моном государственный деятель военачальник писатель мыслитель сохраняться печать владимир моном использовать также титул архонт весь земля русский манер византийский титулавладимир моном сын князь всеволод ярославич,владимир моном сын князь всеволод ярославич сохраняться печать владимир моном использовать также титул архонт весь земля русский манер византийский титулавладимир всеволодович моном государственный деятель военачальник писатель мыслитель,0.9334312081336976,5,1.0,0.9585911631584167,0.9960934519767758,1.0,0.91885555,1.0,0.6666666666666666
8,ярополк владимирович   —   сын владимир моном князь переяславский великий князь киевский 1132 распадаться единый древнерусский государствоярополк рождаться вероятный чернигов княжить отец владимир моном,ярополк рождаться вероятный чернигов княжить отец владимир моном распадаться единый древнерусский государствоярополк владимирович   —   сын владимир моном князь переяславский великий князь киевский 1132,0.9335373044013976,5,0.9999999999999996,0.9280811548233032,0.9916550517082214,0.9969349503517152,0.905063,1.0,0.0
9,всеволод ольгович всеволод старший сын князь олег святославич 1111 год вместе князь принимать участие поход половцев,1111 год вместе князь принимать участие поход половцеввсеволод старший сын князь олег святославичавсеволод ольгович,0.908122181892395,5,0.8026132640139749,0.8932902812957764,0.9906996488571168,0.9657193422317504,0.85659146,0.8,1.0
10,ростислав мстиславич сын мстислав внук владимир моном мать  —   христина шведский дочь шведский король инга старшегоростислав хороший блюститель народный вечевой право,ростислав хороший блюститель народный вечевой право мать  —   христина шведский дочь шведский король инга старшегоростислав мстиславич сын мстислав внук владимир моном,0.9122120141983032,5,1.0,0.9397847652435304,0.997755527496338,0.9963611960411072,0.8923360999999999,0.9230769230769232,0.3333333333333333
11,глеб юрьевич   —   князь переяславский киевский сын юрий долгорукий брак дочь половецкий хан аеп брат андрей боголюбскоговпервые упоминаться летопись 1146 47 год год 24 февраль колтеск умирать брат курский князь иван,год 24 февраль колтеск умирать брат курский князь иванвпервые упоминаться летопись 1146 47 годуглеб юрьевич   —   князь переяславский киевский сын юрий долгорукий брак дочь половецкий хан аеп брат андрей боголюбский,0.8873586058616638,5,0.9151192827577472,0.9326855540275574,0.9843351244926452,0.9636210203170776,0.86081934,0.8571428571428571,1.0
12,роман ростиславич 1151 год помогать изяслав мстиславич отстаивать киев юрий долгорукий содействовать поражение последний река рута защищать чернигов следующий год помогать изяслава против святослав ольгович,следующий год помогать изяслава против святослав ольговичавый 1151 год помогать изяслав мстиславич отстаивать киев юрий долгорукий содействовать поражение последний река рута защищать черниговроман ростиславич,0.9196146130561828,5,0.9485430914862041,0.9535921812057496,0.9669493436813354,0.9678879976272584,0.91098773,0.8,1.0
13,рюрик ростиславичпосле смерть отец 1167 год рюрик оставаться княжить овруч вытребовать владение новый киевский князь свой двоюродный брат мстислав изяславич конфликт киевский волость воспользоваться андрей боголюбский 1169 год взять киев свой брат глеб юрьевич,конфликт киевский волость воспользоваться андрей боголюбский 1169 год взять киев свой брат глеб юрьевичапосле смерть отец 1167 год рюрик оставаться княжить овруч вытребовать владение новый киевский князь свой двоюродный брат мстислав изяславичарюрик ростиславич,0.9018374681472778,5,0.9169688589133659,0.9389009475708008,0.9927026629447936,0.989542543888092,0.88155246,0.9285714285714286,0.75
14,ростислав рюрикович происходить время пребывание   «  лучина  »   путь новгород смоленск сообщаться ипатьевский летопись сюжет 1173 год 1172 год   «  дасть отець лучина город родися  »,дасть отець лучина город родисить  »   1172 год   «  ростислав рюрикович происходить время пребывание   «  лучина  »   путь новгород смоленск сообщаться ипатьевский летопись сюжет 1173 год,0.919216513633728,5,0.9494124096447356,0.931371569633484,0.9683571457862854,0.9929901957511902,0.88771504,1.0,0.4
15,ярослав рождаться 8 февраль 1191г переяславль залесский 27 апрель 1194г,27 апрель 1194г переяславль залесскомярослав рождаться 8 февраль 1191г,0.9082199931144714,5,0.9050613809239544,0.9070463180541992,0.9701111316680908,0.9725868701934814,0.86836755,0.5,0.6666666666666666
16,ростислав мстиславич  —   занимать смоленский престол смерть мстислав давыдович 1230 год 1232 год изгонять святослав мстиславич приходить полоцкий войско,1232 год изгонять святослав мстиславич приходить полоцкий войскамизанимать смоленский престол смерть мстислав давыдович 1230 годуростислав мстиславич  — ,0.8921184539794922,5,0.9094995495070336,0.9309390783309937,0.9529739618301392,0.8719483017921448,0.86623037,1.0,0.5
17,даниил романович ефросинья анныпосле гибель отец 1205 год становиться галицкий князь вскоре лишаться престол 1215 год княжить волынь 1231 год завершать объединение волынский земля,1215 год княжить волынь 1231 год завершать объединение волынский земельпосле гибель отец 1205 год становиться галицкий князь вскоре лишаться престоладаниил романович ефросинья анна,0.8938224315643309,5,0.9020555072912622,0.9027817845344543,0.9685075879096984,0.9789958596229552,0.85689193,0.875,0.875
18,александр ярославич невский мстиславна торопецкий княжна дочь князь новгородский галицкий мстислав удатный мнение историк ю,мнение историк ю 1 мстиславна торопецкий княжна дочь князь новгородский галицкий мстислав удатногоалександр ярославич невский комма,0.9249184131622314,5,0.9327902526334844,0.9176925420761108,0.9221203327178956,0.8428861498832703,0.8758969000000001,0.9090909090909092,0.0
19,юрий третий сын великий князь владимирский всеволод юрьевич большой гнездо первый брак мария шварновный канонизировать русский православный церковь лик благоверный князь,канонизировать русский православный церковь лик благоверный князейтретий сын великий князь владимирский всеволод юрьевич большой гнездо первый брак мария шварновнойюрий,0.9039799571037292,5,0.9126693316363026,0.9074500799179076,0.9471734166145324,0.955980896949768,0.8336024,0.8,0.5
20,константин всеволодович 1205 год находиться отец присутствовать представитель последний освящение церковь владимир участвовать 1198 год поход дон половцев конец 1190 х год недолго княжить переяславль южный,конец 1190 х год недолго княжить переяславль южный 1205 год находиться отец присутствовать представитель последний освящение церковь владимир участвовать 1198 год поход дон половцевконстантин всеволодович,0.9087395668029784,5,0.9585873495290924,0.9322553873062134,0.9954742193222046,0.9713516235351562,0.90980756,0.75,1.0
21,святослав всеволодович февраль собор владимирский святыхв январь 1200 год назначать княжение новгород затем сменить старший брат константин 1205 г снова вернуться новгород 9 февраль 1208 год однако следующий зима святослав захватить приглашать княжение мстислав удатный новгородец освобождать поход владимирский войско глава старший всеволодович торжок,однако следующий зима святослав захватить приглашать княжение мстислав удатный новгородец освобождать поход владимирский войско глава старший всеволодович торжок снова вернуться новгород 9 февраль 1208 годасвятослав всеволодович февраль собор владимирский святыхв январь 1200 год назначать княжение новгород затем сменить старший брат константин 1205 г,0.9014404416084292,5,0.9913368057533803,0.9412025809288024,0.9879046678543092,0.9941174387931824,0.8737761999999999,1.0,0.7
22,василий ярославич младший сын ярослав всеволодович великий князь киевский владимирскогораживаться город владимир,рождаться город владимир младший сын ярослав всеволодович великий князь киевский владимирскоговасилий ярославич,0.8910274505615234,5,0.8038842612001759,0.9487996101379396,0.9635391235351562,0.9676682353019714,0.8525418,0.8571428571428571,0.5
23,андрей александрович андрей городецкий род рюрикович третий сын александр невский завещание отец получать удел выделять состав суздальский городецкий княжество который оставаться владение самый смерть,завещание отец получать удел выделять состав суздальский городецкий княжество который оставаться владение самый смертииз род рюрикович третий сын александр невскогоандрей александрович андрей городецкий,0.8681891560554504,5,0.9580751992810652,0.8823660016059875,0.9843138456344604,0.8973000049591064,0.8645149,0.9,1.0
24,это статья тверская великий владимирский князь московский князь около год занимать владимирский престол см михаил ярославич хоробритмихаил ярославич,михаил ярославич хоробритмихаил ярославич московский князь около год занимать владимирский престол смэто статья тверская великий владимирский князь,0.908312439918518,5,0.9153013475423122,0.9012948870658876,0.9889127612113952,0.8881658911705017,0.8728688,1.0,0.5
25,юрий   —   московский князь 1303  —  1325 великий князь владимирский 1318  —  1322 князь новгородский 1322  —  1325старший сын московский князь даниил александрович внук александр невский княжить переславль залесский 1303года  —   москва,княжить переславль залесский 1303года  —   москвестарший сын московский князь даниил александрович внук александр невскогоюрий   —   московский князь 1303  —  1325 великий князь владимирский 1318  —  1322 князь новгородский 1322  —  1325,0.9076042175292968,5,0.9076567547330214,0.9479128122329712,0.991905689239502,0.9891265630722046,0.87333053,0.7857142857142857,1.0
26,александр михайлович убивать орда вместе сын федоромв 1318 год великий князь тверской михаил ярославич отправляться орда разделять свой вотчина александр старший брат дмитрий грозный око,1318 год великий князь тверской михаил ярославич отправляться орда разделять свой вотчина александр старший брат дмитрий грозный око убивать орда вместе сын федоромалександр михайлович,0.8966171145439148,5,0.9583720943614659,0.9343401193618774,0.965996503829956,0.9211958050727844,0.89431036,0.9166666666666666,0.6
27,семен иванович весь князь владимирский русь не желать наследник калита  —   симеон иванович  —   предлагать хан выдавать ярлык великий княжение владимирский константин васильевич суздальский старший лествичный правупока симеон находиться орда москва вспыхивать первый крупный рознь боярин вызывать смерть московский тысяцкий протасий федорович который тысяцкий даниил александрович юрий иван даниилович,пока симеон находиться орда москва вспыхивать первый крупный рознь боярин вызывать смерть московский тысяцкий протасий федорович который тысяцкий даниил александрович юрий иван даниилович весь князь владимирский русь не желать наследник калита  —   симеон иванович  —   предлагать хан выдавать ярлык великий княжение владимирский константин васильевич суздальский старший лествичный правусемен иванович,0.8888435363769531,5,0.9722790470623076,0.9288370013237,0.9805029034614564,0.9868090748786926,0.87560177,0.9411764705882352,0.6
28,дмитрий иванович сын князь иван ii красный второй жена княгиня александра ивановныв правление дмитрий московский княжество становиться главный центр объединение русский земля владимирский великий княжество становиться наследственный собственность московский князь хотя это из-под влияние выходить тверской смоленский княжество,правление дмитрий московский княжество становиться главный центр объединение русский земля владимирский великий княжество становиться наследственный собственность московский князь хотя это из-под влияние выходить тверской смоленский княжество сын князь иван ii красный второй жена княгиня александра ивановныдмитрий иванович,0.9086259007453918,5,0.9748303750192951,0.924668788909912,0.9978671073913574,0.9937127828598022,0.8967511,1.0,0.7142857142857143
29,василий i дмитриевич   —   великий князь московский владимирский 1389 год старший сын дмитрий иванович донский великий княгиня евдокия дочь великий князь нижегородский суздальский дмитрий константинович женатый софья  —   единственный дочь великий князь литовский витовтарождаться день празднование память святой василий кесарийский получать имя честь дальнейший изображать свой печать,родиться день празднование память святой василий кесарийский получать имя честь дальнейший изображать свой печать женатый софья  —   единственный дочь великий князь литовский витовтавасилий i дмитриевич   —   великий князь московский владимирский 1389 год старший сын дмитрий иванович донский великий княгиня евдокия дочь великий князь нижегородский суздальский дмитрий константинович,0.8894358277320862,5,0.9757261243892528,0.92511785030365,0.9866448044776917,0.9977746605873108,0.8790841999999999,0.8823529411764706,0.5
30,юрий дмитриевич юрий очень популярный удачливый полководец опытный дипломат также покровитель искусство литература женатый анастасия дочь великий князь смоленский юрий святославич,женатый анастасия дочь великий князь смоленский юрий святославич юрий очень популярный удачливый полководец опытный дипломат также покровитель искусство литературыюрий дмитриевич,0.9106394648551941,5,0.9659452042035132,0.90970778465271,0.9859784841537476,0.9803301095962524,0.87635165,1.0,0.0
31,состояниеотпатрулированадмитрий юрьевич шемяка   —   великий князь московский также князь углицкий князь галицкий сын великий князь московский юрий дмитриевич княгиня анастасия юрьевна дочь последний великий князь смоленский юрий святославич главный участник междоусобный война второй четверть xv век 32 95 194 195 212 летопись дмитрий юрьевич упоминаться 1433 год 106 точный дата рождение неизвестный 106 литература встречаться указание разный год,точный дата рождение неизвестный 106 литература встречаться указание разный год летопись дмитрий юрьевич упоминаться 1433 год 106состояниеотпатрулированадмитрий юрьевич шемяка   —   великий князь московский также князь углицкий князь галицкий сын великий князь московский юрий дмитриевич княгиня анастасия юрьевна дочь последний великий князь смоленский юрий святославич главный участник междоусобный война второй четверть xv век 32 95 194 195 212,0.904771089553833,5,0.9779725347241036,0.9420810341835022,0.9963417053222656,0.996722400188446,0.8939476999999999,1.0,0.5714285714285714
32,иван иванович молодой   —   удельный князь тверской сын наследник великий князь московский иван iii васильевич первый жена мария борисовна дочь великий князь тверской борис александрович сестра править тверь михаил борисович племянник михаил борисович который не сын претендовать наследование великий княжество тверскогораживаться 15 февраль 1458 год,рождаться 15 февраль 1458 год племянник михаил борисович который не сын претендовать наследование великий княжество тверскогоиван иванович молодой   —   удельный князь тверской сын наследник великий князь московский иван iii васильевич первый жена мария борисовна дочь великий князь тверской борис александрович сестра править тверь михаил борисович,0.9046511054039,5,0.9683378710820374,0.9256893992424012,0.9953714609146118,0.99256432056427,0.87784743,0.9473684210526316,0.5714285714285714
33,василий iii иванович прямой имя гавриил постриг варлаам   —   великий князь владимирский московский 1505  —  1533 государь весь русь сын иван iii великий софия палеолог отец иван iv грозный период правление продолжаться процесс собирание русский земля централизованный русский государство входить псков смоленск рязань,период правление продолжаться процесс собирание русский земля централизованный русский государство входить псков смоленск рязань сын иван iii великий софия палеолог отец иван iv грозноговасилий iii иванович прямой имя гавриил постриг варлаам   —   великий князь владимирский московский 1505  —  1533 государь весь русь,0.8959710597991943,5,0.9792395776383734,0.9244412183761596,0.9924276471138,0.9954065084457396,0.88159746,0.9473684210526316,0.6666666666666666
34,федор i иванович известный также имя феодор блаженный рождаться федор иван грозный повелеть построить церковь феодоровский монастырь город переславль залесский храм честь феодор стратилат становиться главный собор монастырь сохраняться настоящий время,храм честь феодор стратилат становиться главный собор монастырь сохраняться настоящий временикогда рождаться федор иван грозный повелеть построить церковь феодоровский монастырь город переславль залесскийфедор i иванович известный также имя феодор блаженный,0.9000716805458069,5,0.9675894774222336,0.9370609521865844,0.9925793409347534,0.9878565669059752,0.8735386999999999,0.8333333333333334,0.0
35,ирина федоровна урождать годунов иночество александр   —   сестра борис годунов супруга царь федор і иоаннович номинальный правительница русский престол смерть федор і иоаннович избрание царь борис годунов 16 январь 21 февраль 1598 годао дата место рождение сведение взять царский палата возраст семь год воспитываться брак,взять царский палата возраст семь год воспитываться бракао дата место рождение сведение нетирина федоровна урождать годунов иночество александр   —   сестра борис годунов супруга царь федор і иоаннович номинальный правительница русский престол смерть федор і иоаннович избрание царь борис годунов 16 январь 21 февраль 1598 год,0.902153730392456,5,0.968164951452878,0.9520058035850524,0.9880848526954652,0.9910788536071776,0.8851026,0.9166666666666666,0.5
36,борис федорович годунов государев родословец составлять около 1555 год дмитрий зерно   «  сын иван констянтин шея бездетный дмитрей иван дмитреевич ребенок федор сабур данило подольский бездетный иван годун  »,иван дмитреевич ребенок федор сабур данило подольский бездетный иван годун  »   государев родословец составлять около 1555 год дмитрий зерно   «  сын иван констянтин шея бездетный дмитрейборис федорович годунов,0.8990115523338318,5,0.9660222492308804,0.9600290060043336,0.9867854714393616,0.9898430705070496,0.89936244,0.9333333333333332,0.75
37,федор ii борисович сф,ф сфедор ii борисович,0.7730668783187866,5,0.6874213121395195,0.923318326473236,0.935079038143158,0.5655536651611328,0.8138274999999999,0.5,0.0
38,василий иванович шуйский низложение жить плен поляковпоследний представитель род рюрикович российский престол,последний представитель род рюрикович российский престол низложение жить плен поляковвасилий иванович шуйский,0.915444314479828,5,0.8652028622375977,0.9171363115310668,0.9397459626197816,0.9588449597358704,0.8700001,0.8,0.0
39,князь дмитрий тимофеевич трубецкой шенкурский державецвместе дмитрий пожарский кузьма минин руководить освобождение поляков столица причем время изгнание поляк избрание михаил федорович избирать правитель государство свой деятельность получать титул   «  спаситель отечество  »   претендент царский престол земский собор 1613 год,свой деятельность получать титул   «  спаситель отечество  »   претендент царский престол земский собор 1613 годавместе дмитрий пожарский кузьма минин руководить освобождение поляков столица причем время изгнание поляк избрание михаил федорович избирать правитель государствакнязь дмитрий тимофеевич трубецкой шенкурский державец,0.9207772016525269,5,0.969486737913013,0.9301984906196594,0.9706000089645386,0.9702956080436708,0.89451337,0.8571428571428571,0.6
40,михаил федорович 1613годарод романов принадлежать число древний семья московский боярство первый известный летопись представитель род несколько род  —   андрей иванович иметь прозвище кобыла 1347 год находиться служба великий владимирский московский князь симеон иванович гордый,первый известный летопись представитель род несколько род  —   андрей иванович иметь прозвище кобыла 1347 год находиться служба великий владимирский московский князь симеон иванович гордогород роман принадлежать число древний семья московский боярствамихаил федорович 1613года,0.8802515268325806,5,0.8915058519450307,0.9307777285575868,0.9855224490165708,0.9923977851867676,0.863441,0.6666666666666666,1.0
41,патриарх филарет разрядный книга свидетельствовать февраль 1585 год будущий патриарх участник прием дворец литовский посол лев сапег следующий год иметь чин боярин исполнять обязанность нижегородский наместник 1593  —  1594 год федор никитич упоминаться псковский наместник,1593  —  1594 год федор никитич упоминаться псковский наместник разрядный книга свидетельствовать февраль 1585 год будущий патриарх участник прием дворец литовский посол лев сапег следующий год иметь чин боярин исполнять обязанность нижегородский наместникапатриарх филарет,0.9360866546630859,5,0.9709995836367548,0.9301326274871826,0.9672590494155884,0.9946411252021792,0.9162434000000002,1.0,0.8888888888888888
42,федор iii алексеевич федор алексеевич третий сын царь алексей михайлович царица мария милославский крестить имя святой феодор стратилат март 1669 год умирать мать,март 1669 год умирать матьфедор алексеевич третий сын царь алексей михайлович царица мария милославский крестить имя святой феодор стратилатафедор iii алексеевич,0.8805454969406128,5,0.9037900002485341,0.934584140777588,0.9919635057449341,0.9543512463569641,0.863477,0.8,0.5
43,иоанн   —   русский царь 1682  —  1696 год династия роман сын царь алексей михайлович тихий царица мария ильинична милославский старший единокровный брат соправитель петр i,старший единокровный брат соправитель петр i сын царь алексей михайлович тихий царица мария ильинична милославскойиоанн   —   русский царь 1682  —  1696 год династия роман,0.9244513511657716,5,0.9433948532876958,0.8951870203018188,0.9886599779129028,0.9851942658424376,0.9014113,0.8461538461538461,0.75
44,анна иоанновна 1710 год выдавать замуж герцог курляндский фридрих вильгельм овдоветь 25 месяц свадьба анна отправлять петр i курляндия смерть петр ii приглашать 1730 год российский престол верховный тайный совет монарх полномочие ограничивать польза аристократ  — «  верховник  »   поддержка дворянин восстанавливать абсолютизм распускать верховный тайный совет,смерть петр ii приглашать 1730 год российский престол верховный тайный совет монарх полномочие ограничивать польза аристократ  — «  верховник  »   поддержка дворянин восстанавливать абсолютизм распускать верховный тайный совет овдоветь 25 месяц свадьба анна отправлять петр i курляндиюанна иоанновна 1710 год выдавать замуж герцог курляндский фридрих вильгельм,0.8851432800292969,5,0.9802428529172652,0.9237853288650512,0.9966754317283628,0.9938363432884216,0.8400285,1.0,0.5555555555555556
45,иван vi   —   российский император брауншвейгский ветвь династия роман царствовать октябрь 1740 ноябрь 1741 год правнук иван v,правнук иван v царствовать октябрь 1740 ноябрь 1741 годаиван vi   —   российский император брауншвейгский ветвь династия роман,0.90522438287735,5,0.9833889133017538,0.9159902930259703,0.9909809231758118,0.9760170578956604,0.8715470999999999,0.8571428571428571,1.0
46,состояниеотпатрулированаелизавета петровна младший дочь петр i екатерина i рожать год вступление брак руководить страна время главный европейский конфликт свой время война австрийский наследство семилетний война время правление обследовать заселять земля сибирь,время правление обследовать заселять земля сибирь руководить страна время главный европейский конфликт свой время война австрийский наследство семилетний войнысостояниеотпатрулированаелизавета петровна младший дочь петр i екатерина i рожать год вступление брак,0.9146324396133424,5,0.9668452955740412,0.8926289677619934,0.9888717532157898,0.986649215221405,0.85740423,0.8888888888888888,1.0
47,состояниеотпатрулированапетр iii федорович   —   император всероссийский 1762 первый представитель гольштейн готторп романовский династия российский престол c 1745 год  —   владетельный герцог гольштейн готторпский внук петр i  —   сын дочь анна карл фридрих гольштейн готторпский,внук петр i  —   сын дочь анна карл фридрих гольштейн готторпский c 1745 год  —   владетельный герцог гольштейн готторпскийсостояниеотпатрулированапетр iii федорович   —   император всероссийский 1762 первый представитель гольштейн готторп романовский династия российский престол,0.9308074116706848,5,0.9659505839609656,0.9401091933250428,0.9954698085784912,0.9988653659820556,0.92209786,1.0,0.7142857142857143
48,георгий евгеньевич львов старший брат алексей 1896 год возглавлять московский училище живопись брат владимир руководить 1901 год московский главный архив мид,брат владимир руководить 1901 год московский главный архив мид старший брат алексей 1896 год возглавлять московский училище живописигеоргий евгеньевич львов,0.9003123044967651,5,0.9347452188290876,0.9293972253799438,0.9691407680511476,0.9925076961517334,0.88727444,0.75,0.8
49,александр федорович керенский 1917 год свергать временный правительство безуспешный попытка вернуть власть слагать весь полномочие июнь 1918 год   —   эмиграциис отцовский сторона предок александр керенский происходить среда провинциальный духовенство,отцовский сторона предок александр керенский происходить среда провинциальный духовенство июнь 1918 год   —   эмиграцииалександр федорович керенский 1917 год свергать временный правительство безуспешный попытка вернуть власть слагать весь полномочие,0.8966214656829834,5,0.9718255288805706,0.9072778224945068,0.9789987206459044,0.9939970970153807,0.8824166999999999,1.0,0.8
50,лев борисович каменев 1922 год  —   заместитель председатель снк сто смерть ленин  —   председатель сто январь 1926 год член цк 1917  —  1927 год член политбюро цк 1919  —  1926 год затем кандидат член политбюро член цик председатель вцик ссср,член цик председатель вцик ссср член цк 1917  —  1927 год член политбюро цк 1919  —  1926 год затем кандидат член политбюролев борисович каменев 1922 год  —   заместитель председатель снк сто смерть ленин  —   председатель сто январь 1926 год,0.9132092595100404,5,0.984514350854026,0.9415687918663024,0.9895101189613342,0.9882346987724304,0.8880269000000001,1.0,0.7777777777777778
51,яков михайлович свердлов партийный псевдоним андрей андрей уральский товарищ андрей макс махровый михаил пермяков михалыч смирнов др прима,свердлов партийный псевдоним андрей андрей уральский товарищ андрей макс махровый михаил пермяков михалыч смирнов дряк михайлович прима,0.9553270936012268,5,0.9429248395699432,0.9751154184341432,0.9815295338630676,0.821898341178894,0.9489445,0.9,0.0
52,состояниеотпатрулированаиосиф виссарионович сталин   —   российский революционер советский политический государственный военный партийный деятель 21 январь 1924 5 март 1953  —   руководитель ссср маршал советский союз генералиссимус советский союз,маршал советский союз генералиссимус советский союз 21 январь 1924 5 март 1953  —   руководитель сссрсостояниеотпатрулированаиосиф виссарионович сталин   —   российский революционер советский политический государственный военный партийный деятель,0.9287479519844056,5,0.9695596056259536,0.9133394360542296,0.9883025884628296,0.9937455654144288,0.87061316,1.0,1.0
53,«  большой российский энциклопедия  » —   российский универсальный энциклопедия русский язык издание состоять 35 нумеровать   «  россия  »   содержать 80 тысяча статья энциклопедия издаваться 2004 2017 год научный издательство   «  большой российский энциклопедия  »,энциклопедия издаваться 2004 2017 год научный издательство   «  большой российский энциклопедия  »   издание состоять 35 нумеровать   «  россия  »   содержать 80 тысяча статья  «  большой российский энциклопедия  » —   российский универсальный энциклопедия русский язык,0.9356387257575988,5,0.9999999999999996,0.9310904145240784,0.9882037043571472,1.0,0.91357934,1.0,1.0
54,великий княжество владимирский 1157года   —   суздальский княжество  —   русский княжество xii  —  xivвеков становиться ядро современный российский государствавый узкий смысл  —   территория который лично владеть великий князь владимирский широкий смысл  —   территория весь княжество выделяться владимирский зависимый владимирский князь середина xiii век сюзеренитет великий князь владимирский признавать также новгородский небольшой перерыв псковский республика,великий княжество владимирский 1157года   —   суздальский княжество  —   русский княжество xii  —  xivвеков становиться ядро современный российский государствавый узкий смысл  —   территория который лично владеть великий князь владимирский широкий смысл  —   территория весь княжество выделяться владимирский зависимый владимирский князь,0.9626457691192628,4,0.8966528879903496,0.9651119112968444,0.9693389534950256,0.9547573328018188,0.94639933,0.8,0.7142857142857143
55,новгородский республика   —   севернорусский средневековый государство существовать 1136 год 1478 год период большой расцвет кроме новгородский земля узкий смысл включать также территория балтийский море запад уральский гора восток белый море север верховье волга западный двина юг находиться 1245 год сюзеренитет великий князь владимирский титул который xiv век становиться наследовать исключительно московский князь новгородский республика 1478 год завоевывать иван iii полностью входить состав централизованный русский государство,новгородский республика   —   севернорусский средневековый государство существовать 1136 год 1478 год период большой расцвет кроме новгородский земля узкий смысл включать также территория балтийский море запад уральский гора восток белый море север верховье волга западный двина юг,0.948339343070984,4,0.8352042208485894,0.9118382930755616,0.8516355752944946,0.920400083065033,0.8990193000000001,0.6666666666666666,0.3636363636363637
56,великий княжество литовский  —   восточноевропейский государство существовать середина xiii век 1795 год территория современный белоруссия обширный земля русь попадать власть великий княжество литовский составлять львиный доля территория именоваться литовский русьюс 1385 год находиться личный уния королевство польский 1569 год  —   сеймовый люблинский уния состав федеративный речь посполивать,великий княжество литовский  —   восточноевропейский государство существовать середина xiii век 1795 год территория современный белоруссия обширный земля русь попадать власть великий княжество литовский составлять львиный доля территория именоваться литовский русь,0.958939790725708,4,0.7740955710459528,0.9413117170333862,0.8941363692283629,0.9133143424987792,0.93922913,0.7,0.5555555555555556
57,великий княжество московский  —   средневековый русский княжество существовать 1263 1478 год первоначально удел великий княжество владимирский соперничать удельный княжество великокняжеский ярлык выдавать ордынский хан возвышение москва укрепление авторитет русь способствовать перенос кафедра киевский митрополит петр владимир москва 1325 год,великий княжество московский  —   средневековый русский княжество существовать 1263 1478 год первоначально удел великий княжество владимирский соперничать удельный княжество великокняжеский ярлык выдавать ордынский хан,0.954934537410736,4,0.7857356305623948,0.9295198321342468,0.8971285223960876,0.9373814463615416,0.9393349,0.4545454545454545,0.5
1,1.0,1.0,1.0,1,1.0,1.0,1.0,1.0,1.0,1.0,1.0
59,святослав ярославич крещение николай год  : «  родисить третий сын ярослава нареча имя святослав  »   второй 1054 год ярослав поделить русь сын,святослав ярославич крещение николай год  : «  родисить третий сын ярослава нареча имя святослав  »,0.9696817994117736,4,0.8379973780271345,0.9322945475578308,0.9020205736160278,0.826686441898346,0.9563366,0.8333333333333334,0.5
60,святополк 1069 год отец посадить святополк полоцк место умерший мстислав 1071 год всеслав брячиславич прежний князь полоцкий вернуть волость,святополк 1069 год отец посадить святополк полоцк место умирать мстислав,0.9515977501869202,4,0.7047702163458911,0.8885937929153442,0.821308970451355,0.8404777050018309,0.9115678,0.5555555555555556,0.25
61,владимир всеволодович моном государственный деятель военачальник писатель мыслитель сохраняться печать владимир моном использовать также титул архонт весь земля русский манер византийский титулавладимир моном сын князь всеволод ярославич,владимир всеволодович моном государственный деятель военачальник писатель мыслитель сохраняться печать владимир моном использовать также титул архонт весь земля русский манер византийский титул,0.9733271598815918,4,0.9152685719418536,0.9605070948600768,0.9171941876411438,0.9398658871650696,0.96152335,0.6666666666666666,1.0
62,ярополк владимирович   —   сын владимир моном князь переяславский великий князь киевский 1132 распадаться единый древнерусский государствоярополк рождаться вероятный чернигов княжить отец владимир моном,ярополк владимирович   —   сын владимир моном князь переяславский великий князь киевский 1132 распадаться единый древнерусский государство,0.9470769762992859,4,0.8036311656904461,0.9469368457794192,0.9248892664909364,0.9324734210968018,0.92391855,0.6923076923076923,1.0
63,всеволод ольгович всеволод старший сын князь олег святославич 1111 год вместе князь принимать участие поход половцев,всеволод ольгович всеволод старший сын князь олег святославич,0.9610811471939088,4,0.7203443361314363,0.8787112236022949,0.8224301934242249,0.8049556016921997,0.9417581,1.0,0.0
64,ростислав мстиславич сын мстислав внук владимир моном мать  —   христина шведский дочь шведский король инга старшегоростислав хороший блюститель народный вечевой право,ростислав мстиславич сын мстислав внук владимир моном мать  —   христина шведский дочь шведский король инга старший,0.962067484855652,4,0.7997365409980427,0.9499080777168274,0.9102664589881896,0.934090495109558,0.94558954,0.8461538461538461,1.0
65,глеб юрьевич   —   князь переяславский киевский сын юрий долгорукий брак дочь половецкий хан аеп брат андрей боголюбскоговпервые упоминаться летопись 1146 47 год год 24 февраль колтеск умирать брат курский князь иван,глеб юрьевич   —   князь переяславский киевский сын юрий долгорукий брак дочь половецкий хан аеп брат андрей боголюбскоговпервые упоминаться летопись 1146 47 год,0.9731881618499756,4,0.8558470973496317,0.9646199941635132,0.9255679249763488,0.9683067202568054,0.9653715,0.8571428571428571,0.0
66,роман ростиславич 1151 год помогать изяслав мстиславич отстаивать киев юрий долгорукий содействовать поражение последний река рута защищать чернигов следующий год помогать изяслава против святослав ольгович,роман ростиславич 1151 год помогать изяслав мстиславич отстаивать киев юрий долгорукий содействовать поражение последний река рута защищать чернигов,0.9711325764656068,4,0.878796796044276,0.9640241861343384,0.9439601302146912,0.9463220238685608,0.9520161,0.8,0.75
67,рюрик ростиславичпосле смерть отец 1167 год рюрик оставаться княжить овруч вытребовать владение новый киевский князь свой двоюродный брат мстислав изяславич конфликт киевский волость воспользоваться андрей боголюбский 1169 год взять киев свой брат глеб юрьевич,рюрик ростиславичпосле смерть отец 1167 год рюрик оставаться княжить овруч вытребовать владение новый киевский князь свой двоюродный брат мстислав изяславич,0.9557345509529114,4,0.8165942622177438,0.9390788674354552,0.8875805735588074,0.9209144115447998,0.9412632,0.6428571428571429,0.5
68,ростислав рюрикович происходить время пребывание   «  лучина  »   путь новгород смоленск сообщаться ипатьевский летопись сюжет 1173 год 1172 год   «  дасть отець лучина город родися  »,ростислав рюрикович происходить время пребывание   «  лучина  »   путь новгород смоленск сообщаться ипатьевский летопись сюжет 1173 год 1172 год   «,0.9747009873390198,4,0.8767642194526865,0.9598843455314636,0.8975974321365356,0.9468988180160522,0.9599535,0.8,1.0
69,ярослав рождаться 8 февраль 1191г переяславль залесский 27 апрель 1194г,ярослав рождаться 8 февраль 1191г переяславль залесский,0.9574118852615356,4,0.7625301135027285,0.9445574283599854,0.9044126272201538,0.8813074827194214,0.9495365,1.0,0.3333333333333333
70,ростислав мстиславич  —   занимать смоленский престол смерть мстислав давыдович 1230 год 1232 год изгонять святослав мстиславич приходить полоцкий войско,ростислав мстиславич  —   занимать смоленский престол смерть мстислав давыдович 1230 год,0.9595838785171508,4,0.7521019190733247,0.9310244917869568,0.9152752161026,0.9328846335411072,0.9598689,0.625,0.3333333333333333
71,даниил романович ефросинья анныпосле гибель отец 1205 год становиться галицкий князь вскоре лишаться престол 1215 год княжить волынь 1231 год завершать объединение волынский земля,даниил романович ефросинья анныпосле гибель отец 1205 год становиться галицкий князь вскоре лишаться престол,0.9661626815795898,4,0.7637021488059197,0.9316070079803468,0.81961590051651,0.9030966758728028,0.9475474,0.75,0.5
72,александр ярославич невский мстиславна торопецкий княжна дочь князь новгородский галицкий мстислав удатный мнение историк ю,александр ярославич невский мстиславна торопецкий княжна дочь князь новгородский галицкий мстислав удатный,0.9735932350158693,4,0.8874588077295262,0.9748196005821228,0.9481595754623412,0.8935813903808594,0.95626163,1.0,0.0
73,юрий третий сын великий князь владимирский всеволод юрьевич большой гнездо первый брак мария шварновный канонизировать русский православный церковь лик благоверный князь,юрий третий сын великий князь владимирский всеволод юрьевич большой гнездо первый брак мария шварновный,0.9653033614158628,4,0.7715771756506624,0.935528576374054,0.8696534633636475,0.845570981502533,0.93937606,0.7,0.0
74,константин всеволодович 1205 год находиться отец присутствовать представитель последний освящение церковь владимир участвовать 1198 год поход дон половцев конец 1190 х год недолго княжить переяславль южный,константин всеволодович 1205 год находиться отец присутствовать представитель последний освящение церковь владимир участвовать 1198 год поход дон половцев,0.9719292521476746,4,0.8334064861899283,0.9488143920898438,0.919694721698761,0.9226990342140198,0.97690976,0.5,0.8
75,святослав всеволодович февраль собор владимирский святыхв январь 1200 год назначать княжение новгород затем сменить старший брат константин 1205 г снова вернуться новгород 9 февраль 1208 год однако следующий зима святослав захватить приглашать княжение мстислав удатный новгородец освобождать поход владимирский войско глава старший всеволодович торжок,святослав всеволодович февраль собор владимирский святыхв январь 1200 год назначать княжение новгород затем сменить старший брат константин 1205 г снова вернуться новгород 9 февраль 1208 год,0.9573054313659668,4,0.8045683439207,0.9370760917663574,0.903577983379364,0.9459922313690186,0.92695564,0.7777777777777778,0.7
76,василий ярославич младший сын ярослав всеволодович великий князь киевский владимирскогораживаться город владимир,василий ярославич младший сын ярослав всеволодович великий князь киевский владимирский,0.9794617295265198,4,0.7843501713361111,0.9792596697807312,0.9438732862472534,0.9041724205017092,0.93314123,1.0,0.5
77,андрей александрович андрей городецкий род рюрикович третий сын александр невский завещание отец получать удел выделять состав суздальский городецкий княжество который оставаться владение самый смерть,андрей александрович андрей городецкий род рюрикович третий сын александр невский,0.95513516664505,4,0.6919695543415436,0.8685950636863708,0.7478265762329102,0.8263348937034607,0.9322779,0.6,0.0
78,это статья тверская великий владимирский князь московский князь около год занимать владимирский престол см михаил ярославич хоробритмихаил ярославич,это статья тверская великий владимирский князь московский князь около год занимать владимирский престол см,0.9666951894760132,4,0.8393632894782518,0.8990201354026794,0.8698319792747498,0.9237616658210754,0.9616283,0.5714285714285714,1.0
79,юрий   —   московский князь 1303  —  1325 великий князь владимирский 1318  —  1322 князь новгородский 1322  —  1325старший сын московский князь даниил александрович внук александр невский княжить переславль залесский 1303года  —   москва,юрий   —   московский князь 1303  —  1325 великий князь владимирский 1318  —  1322 князь новгородский 1322  —  1325старший сын московский князь даниил александрович внук александр невский,0.9713828563690186,4,0.9012546408314208,0.9847528338432312,0.9842852354049684,0.9912728667259216,0.9485768,0.7857142857142857,0.0
80,александр михайлович убивать орда вместе сын федоромв 1318 год великий князь тверской михаил ярославич отправляться орда разделять свой вотчина александр старший брат дмитрий грозный око,александр михайлович убивать орда вместе сын федор,0.9010351896286012,4,0.5779465941861345,0.8029383420944214,0.7537518739700317,0.6864179372787476,0.8862658000000001,0.25,0.0
81,семен иванович весь князь владимирский русь не желать наследник калита  —   симеон иванович  —   предлагать хан выдавать ярлык великий княжение владимирский константин васильевич суздальский старший лествичный правупока симеон находиться орда москва вспыхивать первый крупный рознь боярин вызывать смерть московский тысяцкий протасий федорович который тысяцкий даниил александрович юрий иван даниилович,семен иванович весь князь владимирский русь не желать наследник калита  —   симеон иванович  —   предлагать хан выдавать ярлык великий княжение владимирский константин васильевич суздальский старший лествичный право,0.9253256320953368,4,0.6826823608888707,0.913908839225769,0.8277909159660339,0.9280065894126892,0.9137427,0.5882352941176471,0.4
82,дмитрий иванович сын князь иван ii красный второй жена княгиня александра ивановныв правление дмитрий московский княжество становиться главный центр объединение русский земля владимирский великий княжество становиться наследственный собственность московский князь хотя это из-под влияние выходить тверской смоленский княжество,дмитрий иванович сын князь иван ii красный второй жена княгиня александра ивановна,0.9173265695571899,4,0.5065092289050313,0.8316165208816528,0.6260394454002379,0.7873548269271851,0.8896729999999999,0.5333333333333333,0.0
83,василий i дмитриевич   —   великий князь московский владимирский 1389 год старший сын дмитрий иванович донский великий княгиня евдокия дочь великий князь нижегородский суздальский дмитрий константинович женатый софья  —   единственный дочь великий князь литовский витовтарождаться день празднование память святой василий кесарийский получать имя честь дальнейший изображать свой печать,василий i дмитриевич   —   великий князь московский владимирский 1389 год старший сын дмитрий иванович донский великий княгиня евдокия дочь великий князь нижегородский суздальский дмитрий константинович женатый софья  —   единственный дочь великий князь литовский витовт,0.9523110389709472,4,0.8024085964481303,0.9714256525039672,0.9138012528419496,0.9579564332962036,0.93482554,0.8823529411764706,0.75
84,юрий дмитриевич юрий очень популярный удачливый полководец опытный дипломат также покровитель искусство литература женатый анастасия дочь великий князь смоленский юрий святославич,юрий дмитриевич юрий очень популярный удачливый полководец опытный дипломат также покровитель искусство литература,0.9575620889663696,4,0.8814053774942872,0.8902841806411743,0.8261222839355469,0.8829007148742676,0.9438775,0.5555555555555556,1.0
85,состояниеотпатрулированадмитрий юрьевич шемяка   —   великий князь московский также князь углицкий князь галицкий сын великий князь московский юрий дмитриевич княгиня анастасия юрьевна дочь последний великий князь смоленский юрий святославич главный участник междоусобный война второй четверть xv век 32 95 194 195 212 летопись дмитрий юрьевич упоминаться 1433 год 106 точный дата рождение неизвестный 106 литература встречаться указание разный год,состояниеотпатрулированадмитрий юрьевич шемяка   —   великий князь московский также князь углицкий князь галицкий сын великий князь московский юрий дмитриевич княгиня анастасия юрьевна дочь последний великий князь смоленский юрий святославич главный участник междоусобный война второй четверть xv век 32 95 194 195 212 летопись дмитрий юрьевич упоминаться 1433 год 106,0.8950245380401611,4,0.9028045165143241,0.9819652438163756,0.9630255103111268,0.9866787791252136,0.97773194,1.0,0.8571428571428571
86,иван иванович молодой   —   удельный князь тверской сын наследник великий князь московский иван iii васильевич первый жена мария борисовна дочь великий князь тверской борис александрович сестра править тверь михаил борисович племянник михаил борисович который не сын претендовать наследование великий княжество тверскогораживаться 15 февраль 1458 год,иван иванович молодой   —   удельный князь тверской сын наследник великий князь московский иван iii васильевич первый жена мария борисовна дочь великий князь тверской борис александрович сестра править тверь михаил борисович племянник михаил борисович который не сын претендовать наследование великий княжество тверской,0.981792449951172,4,0.93407537551069,0.9798058867454528,0.969775915145874,0.9582130312919616,0.9708367,0.8947368421052632,0.8571428571428571
87,василий iii иванович прямой имя гавриил постриг варлаам   —   великий князь владимирский московский 1505  —  1533 государь весь русь сын иван iii великий софия палеолог отец иван iv грозный период правление продолжаться процесс собирание русский земля централизованный русский государство входить псков смоленск рязань,василий iii иванович прямой имя гавриил постриг варлаам   —   великий князь владимирский московский 1505  —  1533 государь весь русь сын иван iii великий софия палеолог отец иван iv грозный,0.9451431035995485,4,0.792029158242386,0.9553209543228148,0.8612489104270935,0.9512734413146972,0.93885577,0.7368421052631579,0.0
88,федор i иванович известный также имя феодор блаженный рождаться федор иван грозный повелеть построить церковь феодоровский монастырь город переславль залесский храм честь феодор стратилат становиться главный собор монастырь сохраняться настоящий время,федор i иванович известный также имя феодор блаженный рождаться федор иван грозный повелеть построить церковь феодоровский монастырь город переславль залесский,0.9568347930908204,4,0.8297930012613758,0.9564579725265504,0.9271592497825624,0.8988545536994934,0.9496663,0.9166666666666666,0.5
89,ирина федоровна урождать годунов иночество александр   —   сестра борис годунов супруга царь федор і иоаннович номинальный правительница русский престол смерть федор і иоаннович избрание царь борис годунов 16 январь 21 февраль 1598 годао дата место рождение сведение взять царский палата возраст семь год воспитываться брак,ирина федоровна урождать годунов иночество александр   —   сестра борис годунов супруга царь федор і иоаннович номинальный правительница русский престол смерть федор і иоаннович избрание царь борис годунов 16 январь 21 февраль 1598 годао дата место рождение сведение,0.9471135139465332,4,0.9238222625620138,0.9888344407081604,0.937311053276062,0.9753646850585938,0.9811646,1.0,0.75
90,борис федорович годунов государев родословец составлять около 1555 год дмитрий зерно   «  сын иван констянтин шея бездетный дмитрей иван дмитреевич ребенок федор сабур данило подольский бездетный иван годун  »,борис федорович годунов государев родословец составлять около 1555 год дмитрий зерно   «  сын иван констянтин шея бездетный дмитрей,0.93230140209198,4,0.8072968964605739,0.9522213935852052,0.8518255352973938,0.910483717918396,0.9354323,0.6666666666666666,0.75
91,федор ii борисович сф,федор ii борисович,0.9272208213806152,4,0.7971717972477932,0.9378547668457032,0.9220120310783386,0.7286906838417053,0.94394356,1.0,0.0
92,василий иванович шуйский низложение жить плен поляковпоследний представитель род рюрикович российский престол,василий иванович шуйский низложение жить плен поляк,0.9515998363494872,4,0.6918609407398182,0.8851591348648071,0.699633777141571,0.801869809627533,0.9256236,0.6,0.5
93,князь дмитрий тимофеевич трубецкой шенкурский державецвместе дмитрий пожарский кузьма минин руководить освобождение поляков столица причем время изгнание поляк избрание михаил федорович избирать правитель государство свой деятельность получать титул   «  спаситель отечество  »   претендент царский престол земский собор 1613 год,князь дмитрий тимофеевич трубецкой шенкурский державецвместе дмитрий пожарский кузьма минин руководить освобождение поляков столица причем время изгнание поляк избрание михаил федорович избирать правитель государство,0.9683836102485656,4,0.8222094078724237,0.9441316723823548,0.8707199096679688,0.8155927062034607,0.9546664,0.7857142857142857,0.8
94,михаил федорович 1613годарод романов принадлежать число древний семья московский боярство первый известный летопись представитель род несколько род  —   андрей иванович иметь прозвище кобыла 1347 год находиться служба великий владимирский московский князь симеон иванович гордый,михаил федорович 1613годарод романов принадлежать число древний семья московский боярство,0.9411737322807312,4,0.5943475708603047,0.8463265299797058,0.6810886263847351,0.7005159854888916,0.90994644,0.4166666666666667,0.3333333333333333
95,патриарх филарет разрядный книга свидетельствовать февраль 1585 год будущий патриарх участник прием дворец литовский посол лев сапег следующий год иметь чин боярин исполнять обязанность нижегородский наместник 1593  —  1594 год федор никитич упоминаться псковский наместник,патриарх филарет разрядный книга свидетельствовать февраль 1585 год будущий патриарх участник прием дворец литовский посол лев сапег следующий год иметь чин боярин исполнять обязанность нижегородский наместник,0.9755014181137084,4,0.9040707295674528,0.9350571632385254,0.9427534341812134,0.9046617150306702,0.96915835,0.625,0.5555555555555556
96,федор iii алексеевич федор алексеевич третий сын царь алексей михайлович царица мария милославский крестить имя святой феодор стратилат март 1669 год умирать мать,федор iii алексеевич федор алексеевич третий сын царь алексей михайлович царица мария милославский крестить имя святой феодор стратилат,0.9752640724182128,4,0.9013250957799496,0.9560053944587708,0.9223318696022034,0.9023035168647766,0.97490865,1.0,0.0
97,иоанн   —   русский царь 1682  —  1696 год династия роман сын царь алексей михайлович тихий царица мария ильинична милославский старший единокровный брат соправитель петр i,иоанн   —   русский царь 1682  —  1696 год династия роман сын царь алексей михайлович тихий царица мария ильинична милославский,0.9819285869598388,4,0.8902153302779119,0.9659396409988404,0.928103804588318,0.9235910177230836,0.97126144,0.8461538461538461,0.75
98,анна иоанновна 1710 год выдавать замуж герцог курляндский фридрих вильгельм овдоветь 25 месяц свадьба анна отправлять петр i курляндия смерть петр ii приглашать 1730 год российский престол верховный тайный совет монарх полномочие ограничивать польза аристократ  — «  верховник  »   поддержка дворянин восстанавливать абсолютизм распускать верховный тайный совет,анна иоанновна 1710 год выдавать замуж герцог курляндский фридрих вильгельм овдоветь 25 месяц свадьба анна отправлять петр i курляндия,0.921886384487152,4,0.633945449946297,0.8689020872116089,0.6563363671302795,0.8721792697906494,0.8969976000000001,0.4615384615384616,0.5555555555555556
99,иван vi   —   российский император брауншвейгский ветвь династия роман царствовать октябрь 1740 ноябрь 1741 год правнук иван v,иван vi   —   российский император брауншвейгский ветвь династия роман царствовать октябрь 1740 ноябрь 1741 год,0.9760849475860596,4,0.9471301098721946,0.9675567150115968,0.9853125810623168,0.969967007637024,0.9445322,0.7142857142857143,0.8
100,состояниеотпатрулированаелизавета петровна младший дочь петр i екатерина i рожать год вступление брак руководить страна время главный европейский конфликт свой время война австрийский наследство семилетний война время правление обследовать заселять земля сибирь,состояниеотпатрулированаелизавета петровна младший дочь петр i екатерина i рожать год вступление брак руководить страна время главный европейский конфликт свой время война австрийский наследство семилетний война,0.9796849489212036,4,0.9117347652660336,0.9601542353630066,0.9265852570533752,0.969607949256897,0.97453296,0.8888888888888888,0.6666666666666666
101,состояниеотпатрулированапетр iii федорович   —   император всероссийский 1762 первый представитель гольштейн готторп романовский династия российский престол c 1745 год  —   владетельный герцог гольштейн готторпский внук петр i  —   сын дочь анна карл фридрих гольштейн готторпский,состояниеотпатрулированапетр iii федорович   —   император всероссийский 1762 первый представитель гольштейн готторп романовский династия российский престол c 1745 год  —   владетельный герцог гольштейн готторпский,0.9738973379135132,4,0.8977105253967216,0.9602446556091307,0.9076266288757324,0.9215811491012572,0.9641901,0.5714285714285714,0.8571428571428571
102,георгий евгеньевич львов старший брат алексей 1896 год возглавлять московский училище живопись брат владимир руководить 1901 год московский главный архив мид,георгий евгеньевич львов старший брат алексей 1896 год возглавлять московский училище живопись,0.9601020216941832,4,0.8173214513070041,0.930817186832428,0.8695074915885925,0.8236179947853088,0.9473181,0.75,0.8
103,александр федорович керенский 1917 год свергать временный правительство безуспешный попытка вернуть власть слагать весь полномочие июнь 1918 год   —   эмиграциис отцовский сторона предок александр керенский происходить среда провинциальный духовенство,александр федорович керенский 1917 год свергать временный правительство безуспешный попытка вернуть власть слагать весь полномочие июнь 1918 год   —   эмиграция,0.9394524097442628,4,0.8060232297420614,0.9270318150520324,0.8844878077507019,0.9321966767311096,0.9413365,1.0,0.8
104,лев борисович каменев 1922 год  —   заместитель председатель снк сто смерть ленин  —   председатель сто январь 1926 год член цк 1917  —  1927 год член политбюро цк 1919  —  1926 год затем кандидат член политбюро член цик председатель вцик ссср,лев борисович каменев 1922 год  —   заместитель председатель снк сто смерть ленин  —   председатель сто январь 1926 год член цк 1917  —  1927 год член политбюро цк 1919  —  1926 год затем кандидат член политбюро,0.980067253112793,4,0.9626984747831928,0.9893070459365844,0.9693825840950012,0.9813319444656372,0.965527,0.7777777777777778,1.0
105,яков михайлович свердлов партийный псевдоним андрей андрей уральский товарищ андрей макс махровый михаил пермяков михалыч смирнов др прима,яков михайлович свердлов партийный псевдоним андрей андрей уральский товарищ андрей макс махровый михаил пермяков михалыч смирнов др,0.9817711114883424,4,0.9718814879083774,0.9895396828651428,0.997572898864746,0.9907999038696288,0.98746943,1.0,1.0
106,состояниеотпатрулированаиосиф виссарионович сталин   —   российский революционер советский политический государственный военный партийный деятель 21 январь 1924 5 март 1953  —   руководитель ссср маршал советский союз генералиссимус советский союз,состояниеотпатрулированаиосиф виссарионович сталин   —   российский революционер советский политический государственный военный партийный деятель 21 январь 1924 5 март 1953  —   руководитель ссср,0.9655113220214844,4,0.8191955118943844,0.973112940788269,0.9391868114471436,0.9655095934867859,0.96687275,0.75,1.0
107,«  большой российский энциклопедия  » —   российский универсальный энциклопедия русский язык издание состоять 35 нумеровать   «  россия  »   содержать 80 тысяча статья энциклопедия издаваться 2004 2017 год научный издательство   «  большой российский энциклопедия  »,«  большой российский энциклопедия  » —   российский универсальный энциклопедия русский язык издание состоять 35 нумеровать   «  россия  »   содержать 80 тысяча статья,0.943780243396759,4,0.8835527272408732,0.921457052230835,0.8949979543685913,0.916937530040741,0.9123717,1.0,0.6666666666666666
108,великий княжество владимирский 1157года   —   суздальский княжество  —   русский княжество xii  —  xivвеков становиться ядро современный российский государствавый узкий смысл  —   территория который лично владеть великий князь владимирский широкий смысл  —   территория весь княжество выделяться владимирский зависимый владимирский князь середина xiii век сюзеренитет великий князь владимирский признавать также новгородский небольшой перерыв псковский республика,середина xiii век сюзеренитет великий князь владимирский признавать также новгородский небольшой перерыв псковский республика,0.9466265439987184,3,0.5325846423767758,0.8095827102661133,0.7354568243026733,0.8357541561126709,0.8882201,0.4,0.2857142857142857
109,новгородский республика   —   севернорусский средневековый государство существовать 1136 год 1478 год период большой расцвет кроме новгородский земля узкий смысл включать также территория балтийский море запад уральский гора восток белый море север верховье волга западный двина юг находиться 1245 год сюзеренитет великий князь владимирский титул который xiv век становиться наследовать исключительно московский князь новгородский республика 1478 год завоевывать иван iii полностью входить состав централизованный русский государство,находиться 1245 год сюзеренитет великий князь владимирский титул который xiv век становиться наследовать исключительно московский князь новгородский республика 1478 год завоевывать иван iii полностью входить состав централизованный русский государство,0.9311528205871582,3,0.6705845713308347,0.8882927894592285,0.7805463075637817,0.9309642314910888,0.90233797,0.4,0.7272727272727273
110,великий княжество литовский  —   восточноевропейский государство существовать середина xiii век 1795 год территория современный белоруссия обширный земля русь попадать власть великий княжество литовский составлять львиный доля территория именоваться литовский русьюс 1385 год находиться личный уния королевство польский 1569 год  —   сеймовый люблинский уния состав федеративный речь посполивать,1385 год находиться личный уния королевство польский 1569 год  —   сеймовый люблинский уния состав федеративный речь посполивать,0.9183179140090942,3,0.6122557170378176,0.8432353138923645,0.6098315119743347,0.8644586801528931,0.9323389,0.3,0.4444444444444444
111,великий княжество московский  —   средневековый русский княжество существовать 1263 1478 год первоначально удел великий княжество владимирский соперничать удельный княжество великокняжеский ярлык выдавать ордынский хан возвышение москва укрепление авторитет русь способствовать перенос кафедра киевский митрополит петр владимир москва 1325 год,возвышение москва укрепление авторитет русь способствовать перенос кафедра киевский митрополит петр владимир москва 1325 год,0.9091284275054932,3,0.6232405665254959,0.847233235836029,0.7260615825653076,0.8165467977523804,0.8989196,0.4545454545454545,0.375
113,святослав ярославич крещение николай год  : «  родисить третий сын ярослава нареча имя святослав  »   второй 1054 год ярослав поделить русь сын,второй 1054 год ярослав поделить русь сын,0.9483648538589478,3,0.5817395793251969,0.7978078722953796,0.6856382489204407,0.8528384566307068,0.9162006,0.5,0.0
114,святополк 1069 год отец посадить святополк полоцк место умерший мстислав 1071 год всеслав брячиславич прежний князь полоцкий вернуть волость,1071 год всеслав брячиславич прежний князь полоцкий вернуть волость,0.9367797374725342,3,0.6401744315019262,0.8854231238365173,0.7806807160377502,0.8834580183029175,0.92576987,0.4444444444444444,0.25
115,владимир всеволодович моном государственный деятель военачальник писатель мыслитель сохраняться печать владимир моном использовать также титул архонт весь земля русский манер византийский титулавладимир моном сын князь всеволод ярославич,владимир моном сын князь всеволод ярославич,0.9025723934173584,3,0.5555456460677637,0.8210516571998596,0.5715387463569641,0.6813018918037415,0.88669086,0.4166666666666667,0.5
116,ярополк владимирович   —   сын владимир моном князь переяславский великий князь киевский 1132 распадаться единый древнерусский государствоярополк рождаться вероятный чернигов княжить отец владимир моном,ярополк рождаться вероятный чернигов княжить отец владимир моном,0.924312710762024,3,0.6786931993785771,0.8423129916191101,0.4890210330486298,0.6441138386726379,0.90098286,0.4615384615384616,0.0
117,всеволод ольгович всеволод старший сын князь олег святославич 1111 год вместе князь принимать участие поход половцев,1111 год вместе князь принимать участие поход половцев,0.9600048065185548,3,0.7119443366733873,0.777455747127533,0.8174951076507568,0.8144024014472961,0.9487966999999998,0.2,0.0
118,ростислав мстиславич сын мстислав внук владимир моном мать  —   христина шведский дочь шведский король инга старшегоростислав хороший блюститель народный вечевой право,ростислав хороший блюститель народный вечевой право,0.9253881573677064,3,0.5643110320839745,0.7371283173561096,0.5376017689704895,0.6333805322647095,0.8994329,0.15384615384615385,1.0
119,глеб юрьевич   —   князь переяславский киевский сын юрий долгорукий брак дочь половецкий хан аеп брат андрей боголюбскоговпервые упоминаться летопись 1146 47 год год 24 февраль колтеск умирать брат курский князь иван,год 24 февраль колтеск умирать брат курский князь иван,0.9366945028305054,3,0.5864362130946961,0.8010244965553284,0.6572439670562744,0.8372199535369873,0.9057527,0.21428571428571427,0.0
120,роман ростиславич 1151 год помогать изяслав мстиславич отстаивать киев юрий долгорукий содействовать поражение последний река рута защищать чернигов следующий год помогать изяслава против святослав ольгович,следующий год помогать изяслава против святослав ольгович,0.8975269198417664,3,0.5845959325328012,0.7638940215110779,0.6909951567649841,0.7008538842201233,0.87379086,0.3,0.75
121,рюрик ростиславичпосле смерть отец 1167 год рюрик оставаться княжить овруч вытребовать владение новый киевский князь свой двоюродный брат мстислав изяславич конфликт киевский волость воспользоваться андрей боголюбский 1169 год взять киев свой брат глеб юрьевич,конфликт киевский волость воспользоваться андрей боголюбский 1169 год взять киев свой брат глеб юрьевич,0.9299882650375366,3,0.6751593077718374,0.873856246471405,0.8021435141563416,0.8698155283927917,0.90284234,0.5,0.0
122,ростислав рюрикович происходить время пребывание   «  лучина  »   путь новгород смоленск сообщаться ипатьевский летопись сюжет 1173 год 1172 год   «  дасть отець лучина город родися  »,дасть отець лучина город родися  »,0.8805865645408629,3,0.5892358547383705,0.6671521663665771,0.4941646158695221,0.43002331256866455,0.85721964,0.2,0.375
123,ярослав рождаться 8 февраль 1191г переяславль залесский 27 апрель 1194г,27 апрель 1194г,0.8609453439712524,3,0.6469527231579724,0.7153819799423218,0.4007150232791901,0.8326640725135803,0.86964905,0.0,0.0
124,ростислав мстиславич  —   занимать смоленский престол смерть мстислав давыдович 1230 год 1232 год изгонять святослав мстиславич приходить полоцкий войско,1232 год изгонять святослав мстиславич приходить полоцкий войско,0.9439682960510254,3,0.7484224112500617,0.8677038550376892,0.7867556214332581,0.8098785281181335,0.9143076,0.5,0.3333333333333333
125,даниил романович ефросинья анныпосле гибель отец 1205 год становиться галицкий князь вскоре лишаться престол 1215 год княжить волынь 1231 год завершать объединение волынский земля,1215 год княжить волынь 1231 год завершать объединение волынский земля,0.9467509984970092,3,0.6628243202908627,0.7989932298660278,0.7102698683738708,0.9408682584762572,0.9280084,0.25,0.3333333333333333
126,александр ярославич невский мстиславна торопецкий княжна дочь князь новгородский галицкий мстислав удатный мнение историк ю,мнение историк ю,0.8875150084495544,3,0.4608870410233812,0.5983172059059143,0.28713977336883545,0.5132662057876587,0.83395875,0.0,0.5
127,юрий третий сын великий князь владимирский всеволод юрьевич большой гнездо первый брак мария шварновный канонизировать русский православный церковь лик благоверный князь,канонизировать русский православный церковь лик благоверный князь,0.9374085664749146,3,0.6539666969700624,0.7455629706382751,0.6372037529945374,0.7403296232223511,0.8983071,0.3,0.0
128,константин всеволодович 1205 год находиться отец присутствовать представитель последний освящение церковь владимир участвовать 1198 год поход дон половцев конец 1190 х год недолго княжить переяславль южный,конец 1190 х год недолго княжить переяславль южный,0.9320822954177856,3,0.5719702772110589,0.7873539328575134,0.6237718462944031,0.7936291694641113,0.93170583,0.375,0.5
129,святослав всеволодович февраль собор владимирский святыхв январь 1200 год назначать княжение новгород затем сменить старший брат константин 1205 г снова вернуться новгород 9 февраль 1208 год однако следующий зима святослав захватить приглашать княжение мстислав удатный новгородец освобождать поход владимирский войско глава старший всеволодович торжок,однако следующий зима святослав захватить приглашать княжение мстислав удатный новгородец освобождать поход владимирский войско глава старший всеволодович торжок,0.9175770878791808,3,0.717174833021203,0.8316625356674194,0.7173526883125305,0.6735531687736511,0.8970530999999999,0.5555555555555556,0.2
130,василий ярославич младший сын ярослав всеволодович великий князь киевский владимирскогораживаться город владимир,рождаться город владимир,0.8263891339302063,3,0.3295468280195609,0.6516888737678528,0.4097690880298615,0.5367364287376404,0.75675595,0.14285714285714285,0.2
131,андрей александрович андрей городецкий род рюрикович третий сын александр невский завещание отец получать удел выделять состав суздальский городецкий княжество который оставаться владение самый смерть,завещание отец получать удел выделять состав суздальский городецкий княжество который оставаться владение самый смерть,0.9534764885902404,3,0.8021202158702179,0.7531012296676636,0.674225389957428,0.782450795173645,0.911805,0.5,0.5
132,это статья тверская великий владимирский князь московский князь около год занимать владимирский престол см михаил ярославич хоробритмихаил ярославич,михаил ярославич хоробритмихаил ярославич,0.9156068563461304,3,0.5435708493621126,0.771463930606842,0.5024847388267517,0.4373220205307007,0.9073031,0.42857142857142855,0.5
133,юрий   —   московский князь 1303  —  1325 великий князь владимирский 1318  —  1322 князь новгородский 1322  —  1325старший сын московский князь даниил александрович внук александр невский княжить переславль залесский 1303года  —   москва,княжить переславль залесский 1303года  —   москва,0.9181951284408568,3,0.4332898249207182,0.7724446058273315,0.4589177072048187,0.24514469504356384,0.88095075,0.21428571428571427,0.0
134,александр михайлович убивать орда вместе сын федоромв 1318 год великий князь тверской михаил ярославич отправляться орда разделять свой вотчина александр старший брат дмитрий грозный око,1318 год великий князь тверской михаил ярославич отправляться орда разделять свой вотчина александр старший брат дмитрий грозный око,0.9262016415596008,3,0.8597389113584267,0.9218440651893616,0.8722659945487976,0.8274571299552917,0.9241046,0.75,0.3333333333333333
135,семен иванович весь князь владимирский русь не желать наследник калита  —   симеон иванович  —   предлагать хан выдавать ярлык великий княжение владимирский константин васильевич суздальский старший лествичный правупока симеон находиться орда москва вспыхивать первый крупный рознь боярин вызывать смерть московский тысяцкий протасий федорович который тысяцкий даниил александрович юрий иван даниилович,пока симеон находиться орда москва вспыхивать первый крупный рознь боярин вызывать смерть московский тысяцкий протасий федорович который тысяцкий даниил александрович юрий иван даниилович,0.9064804315567015,3,0.7229943352993341,0.8829005360603333,0.7933023571968079,0.8904839754104614,0.9091963,0.4705882352941176,0.6
136,дмитрий иванович сын князь иван ii красный второй жена княгиня александра ивановныв правление дмитрий московский княжество становиться главный центр объединение русский земля владимирский великий княжество становиться наследственный собственность московский князь хотя это из-под влияние выходить тверской смоленский княжество,правление дмитрий московский княжество становиться главный центр объединение русский земля владимирский великий княжество становиться наследственный собственность московский князь хотя это из-под влияние выходить тверской смоленский княжество,0.9552350044250488,3,0.8672316228802307,0.90532386302948,0.8979350328445435,0.9040969610214232,0.9110801,0.6,0.4
137,василий i дмитриевич   —   великий князь московский владимирский 1389 год старший сын дмитрий иванович донский великий княгиня евдокия дочь великий князь нижегородский суздальский дмитрий константинович женатый софья  —   единственный дочь великий князь литовский витовтарождаться день празднование память святой василий кесарийский получать имя честь дальнейший изображать свой печать,родиться день празднование память святой василий кесарийский получать имя честь дальнейший изображать свой печать,0.9115159511566162,3,0.6011332578932155,0.7450131177902222,0.4632152915000916,0.5582607388496399,0.86140496,0.05882352941176471,0.5714285714285714
138,юрий дмитриевич юрий очень популярный удачливый полководец опытный дипломат также покровитель искусство литература женатый анастасия дочь великий князь смоленский юрий святославич,женатый анастасия дочь великий князь смоленский юрий святославич,0.9474843740463256,3,0.5765702448727972,0.8353206515312195,0.708100438117981,0.7992228269577026,0.8913,0.5555555555555556,0.0
139,состояниеотпатрулированадмитрий юрьевич шемяка   —   великий князь московский также князь углицкий князь галицкий сын великий князь московский юрий дмитриевич княгиня анастасия юрьевна дочь последний великий князь смоленский юрий святославич главный участник междоусобный война второй четверть xv век 32 95 194 195 212 летопись дмитрий юрьевич упоминаться 1433 год 106 точный дата рождение неизвестный 106 литература встречаться указание разный год,точный дата рождение неизвестный 106 литература встречаться указание разный год,0.9212961196899414,3,0.4868620891160922,0.5955803990364075,0.2660471498966217,0.690661609172821,0.8728541999999999,0.0,0.0
140,иван иванович молодой   —   удельный князь тверской сын наследник великий князь московский иван iii васильевич первый жена мария борисовна дочь великий князь тверской борис александрович сестра править тверь михаил борисович племянник михаил борисович который не сын претендовать наследование великий княжество тверскогораживаться 15 февраль 1458 год,рождаться 15 февраль 1458 год,0.7787773609161377,3,0.2518263072551954,0.5148444175720215,0.16366899013519287,0.4910803735256195,0.7846526,0.0,0.14285714285714285
141,василий iii иванович прямой имя гавриил постриг варлаам   —   великий князь владимирский московский 1505  —  1533 государь весь русь сын иван iii великий софия палеолог отец иван iv грозный период правление продолжаться процесс собирание русский земля централизованный русский государство входить псков смоленск рязань,период правление продолжаться процесс собирание русский земля централизованный русский государство входить псков смоленск рязань,0.9328757524490356,3,0.6104832614362636,0.7704496979713441,0.5255330204963684,0.4512386620044708,0.8832683000000001,0.2631578947368421,0.14285714285714285
142,федор i иванович известный также имя феодор блаженный рождаться федор иван грозный повелеть построить церковь феодоровский монастырь город переславль залесский храм честь феодор стратилат становиться главный собор монастырь сохраняться настоящий время,храм честь феодор стратилат становиться главный собор монастырь сохраняться настоящий время,0.912030816078186,3,0.6872826978649212,0.8007756471633911,0.7524185180664062,0.7736800312995911,0.88806486,0.16666666666666666,0.3333333333333333
143,ирина федоровна урождать годунов иночество александр   —   сестра борис годунов супруга царь федор і иоаннович номинальный правительница русский престол смерть федор і иоаннович избрание царь борис годунов 16 январь 21 февраль 1598 годао дата место рождение сведение взять царский палата возраст семь год воспитываться брак,взять царский палата возраст семь год воспитываться брак,0.928922176361084,3,0.3828216650018668,0.6252897381782532,0.4041187167167664,0.3498062193393707,0.84345865,0.0,0.0
144,борис федорович годунов государев родословец составлять около 1555 год дмитрий зерно   «  сын иван констянтин шея бездетный дмитрей иван дмитреевич ребенок федор сабур данило подольский бездетный иван годун  »,иван дмитреевич ребенок федор сабур данило подольский бездетный иван годун  »,0.8911264538764954,3,0.7122789690066798,0.8995124697685242,0.6480827331542969,0.8454744219779968,0.8784016,0.5333333333333333,0.125
145,федор ii борисович сф,ф,0.7310400009155273,3,0.0,0.4690650701522827,0.25274479389190674,0.19490158557891848,0.6727944,0.0,0.25
146,василий иванович шуйский низложение жить плен поляковпоследний представитель род рюрикович российский престол,последний представитель род рюрикович российский престол,0.9346836805343628,3,0.4969090376550382,0.8491566181182861,0.6596733927726746,0.727283239364624,0.8899872999999999,0.4,0.0
147,князь дмитрий тимофеевич трубецкой шенкурский державецвместе дмитрий пожарский кузьма минин руководить освобождение поляков столица причем время изгнание поляк избрание михаил федорович избирать правитель государство свой деятельность получать титул   «  спаситель отечество  »   претендент царский престол земский собор 1613 год,свой деятельность получать титул   «  спаситель отечество  »   претендент царский престол земский собор 1613 год,0.9289615750312804,3,0.5691851101408734,0.7616084218025208,0.5778884887695312,0.7286831140518188,0.90334755,0.14285714285714285,0.0
148,михаил федорович 1613годарод романов принадлежать число древний семья московский боярство первый известный летопись представитель род несколько род  —   андрей иванович иметь прозвище кобыла 1347 год находиться служба великий владимирский московский князь симеон иванович гордый,первый известный летопись представитель род несколько род  —   андрей иванович иметь прозвище кобыла 1347 год находиться служба великий владимирский московский князь симеон иванович гордый,0.9528259038925172,3,0.8183952644595025,0.926600456237793,0.8999922275543213,0.9603699445724488,0.92933375,0.5833333333333334,0.2
149,патриарх филарет разрядный книга свидетельствовать февраль 1585 год будущий патриарх участник прием дворец литовский посол лев сапег следующий год иметь чин боярин исполнять обязанность нижегородский наместник 1593  —  1594 год федор никитич упоминаться псковский наместник,1593  —  1594 год федор никитич упоминаться псковский наместник,0.9131938219070436,3,0.5149035994474054,0.8016048669815063,0.5451515316963196,0.8289257287979126,0.921843,0.375,0.6666666666666666
150,федор iii алексеевич федор алексеевич третий сын царь алексей михайлович царица мария милославский крестить имя святой феодор стратилат март 1669 год умирать мать,март 1669 год умирать мать,0.9354191422462464,3,0.4331432461868301,0.5870065093040466,0.3904960453510285,0.6623941659927368,0.9072894,0.0,0.3333333333333333
151,иоанн   —   русский царь 1682  —  1696 год династия роман сын царь алексей михайлович тихий царица мария ильинична милославский старший единокровный брат соправитель петр i,старший единокровный брат соправитель петр i,0.9396268725395204,3,0.4555399716141144,0.7175111770629883,0.4835524857044221,0.6854199171066284,0.9197683,0.15384615384615385,0.5
152,анна иоанновна 1710 год выдавать замуж герцог курляндский фридрих вильгельм овдоветь 25 месяц свадьба анна отправлять петр i курляндия смерть петр ii приглашать 1730 год российский престол верховный тайный совет монарх полномочие ограничивать польза аристократ  — «  верховник  »   поддержка дворянин восстанавливать абсолютизм распускать верховный тайный совет,смерть петр ii приглашать 1730 год российский престол верховный тайный совет монарх полномочие ограничивать польза аристократ  — «  верховник  »   поддержка дворянин восстанавливать абсолютизм распускать верховный тайный совет,0.9322363138198853,3,0.7906154648752041,0.8893212080001831,0.8683995008468628,0.9055104255676272,0.9069176,0.5384615384615384,0.0
153,иван vi   —   российский император брауншвейгский ветвь династия роман царствовать октябрь 1740 ноябрь 1741 год правнук иван v,правнук иван v,0.8894984722137451,3,0.40451435128506497,0.6471673846244812,0.18022628128528595,0.7412899732589722,0.8531943000000001,0.2857142857142857,0.2222222222222222
154,состояниеотпатрулированаелизавета петровна младший дочь петр i екатерина i рожать год вступление брак руководить страна время главный европейский конфликт свой время война австрийский наследство семилетний война время правление обследовать заселять земля сибирь,время правление обследовать заселять земля сибирь,0.9109939336776732,3,0.5147571911942985,0.6862258911132812,0.4621101319789887,0.6080552339553833,0.9055913,0.1111111111111111,0.0
155,состояниеотпатрулированапетр iii федорович   —   император всероссийский 1762 первый представитель гольштейн готторп романовский династия российский престол c 1745 год  —   владетельный герцог гольштейн готторпский внук петр i  —   сын дочь анна карл фридрих гольштейн готторпский,внук петр i  —   сын дочь анна карл фридрих гольштейн готторпский,0.8637539148330688,3,0.6829720186702566,0.8344354033470154,0.5809069871902466,0.7778732180595398,0.8223447,0.42857142857142855,0.0
156,георгий евгеньевич львов старший брат алексей 1896 год возглавлять московский училище живопись брат владимир руководить 1901 год московский главный архив мид,брат владимир руководить 1901 год московский главный архив мид,0.9352235794067384,3,0.669223791668396,0.8506321310997009,0.7587227821350098,0.8727837204933167,0.9118636999999998,0.375,0.0
157,александр федорович керенский 1917 год свергать временный правительство безуспешный попытка вернуть власть слагать весь полномочие июнь 1918 год   —   эмиграциис отцовский сторона предок александр керенский происходить среда провинциальный духовенство,отцовский сторона предок александр керенский происходить среда провинциальный духовенство,0.9012470245361328,3,0.6627029295826696,0.7783229351043701,0.4930928647518158,0.6462512016296387,0.86359656,0.6666666666666666,0.4
158,лев борисович каменев 1922 год  —   заместитель председатель снк сто смерть ленин  —   председатель сто январь 1926 год член цк 1917  —  1927 год член политбюро цк 1919  —  1926 год затем кандидат член политбюро член цик председатель вцик ссср,член цик председатель вцик ссср,0.8788579702377319,3,0.5915456483435945,0.6915481686592102,0.5463658571243286,0.4348154962062836,0.86516607,0.2222222222222222,0.0
159,яков михайлович свердлов партийный псевдоним андрей андрей уральский товарищ андрей макс махровый михаил пермяков михалыч смирнов др прима,прима,0.7369852066040039,3,0.23547053629063355,0.3408566117286682,0.03757217898964882,0.2432997822761536,0.78915334,0.0,0.0
160,состояниеотпатрулированаиосиф виссарионович сталин   —   российский революционер советский политический государственный военный партийный деятель 21 январь 1924 5 март 1953  —   руководитель ссср маршал советский союз генералиссимус советский союз,маршал советский союз генералиссимус советский союз,0.9017794728279114,3,0.6971996382803867,0.7477277517318726,0.633659303188324,0.6443604826927185,0.8796136999999998,0.25,0.0
161,«  большой российский энциклопедия  » —   российский универсальный энциклопедия русский язык издание состоять 35 нумеровать   «  россия  »   содержать 80 тысяча статья энциклопедия издаваться 2004 2017 год научный издательство   «  большой российский энциклопедия  »,энциклопедия издаваться 2004 2017 год научный издательство   «  большой российский энциклопедия  »,0.9034407138824464,3,0.7903139086113313,0.8319945335388184,0.7695986032485962,0.8897717595100403,0.88352776,0.3333333333333333,0.0
